{
  "id": "3330187",
  "name": "graduation-project",
  "font_family": "iconfont",
  "css_prefix_text": "icon-",
  "description": "",
  "glyphs": [
    {
      "icon_id": "625985",
      "name": "40-我的订单",
      "font_class": "wodedingdan",
      "unicode": "e628",
      "unicode_decimal": 58920
    },
    {
      "icon_id": "765334",
      "name": "商城",
      "font_class": "shouye1",
      "unicode": "e618",
      "unicode_decimal": 58904
    },
    {
      "icon_id": "2076282",
      "name": " 订单",
      "font_class": "dingdan",
      "unicode": "e897",
      "unicode_decimal": 59543
    },
    {
      "icon_id": "19669365",
      "name": "未支付",
      "font_class": "weizhifu",
      "unicode": "e6c2",
      "unicode_decimal": 59074
    },
    {
      "icon_id": "24590291",
      "name": "添加关注、关注",
      "font_class": "a-tianjiaguanzhuguanzhu",
      "unicode": "e6aa",
      "unicode_decimal": 59050
    },
    {
      "icon_id": "975296",
      "name": "注册",
      "font_class": "zhuce",
      "unicode": "e62d",
      "unicode_decimal": 58925
    },
    {
      "icon_id": "3590935",
      "name": "管理员",
      "font_class": "guanliyuan",
      "unicode": "e62a",
      "unicode_decimal": 58922
    },
    {
      "icon_id": "552810",
      "name": "搜索",
      "font_class": "sousuo",
      "unicode": "e649",
      "unicode_decimal": 58953
    },
    {
      "icon_id": "754761",
      "name": "登录页面-用户名",
      "font_class": "dengluyemianyonghuming",
      "unicode": "e64d",
      "unicode_decimal": 58957
    },
    {
      "icon_id": "765274",
      "name": "家人",
      "font_class": "shouye",
      "unicode": "e613",
      "unicode_decimal": 58899
    },
    {
      "icon_id": "866496",
      "name": "购物车",
      "font_class": "gouwuche",
      "unicode": "e622",
      "unicode_decimal": 58914
    },
    {
      "icon_id": "974790",
      "name": "订阅",
      "font_class": "dingyue",
      "unicode": "e69b",
      "unicode_decimal": 59035
    },
    {
      "icon_id": "1277992",
      "name": "订单管理",
      "font_class": "dingdanguanli",
      "unicode": "e65c",
      "unicode_decimal": 58972
    },
    {
      "icon_id": "2053205",
      "name": "需求登记",
      "font_class": "xuqiudengji",
      "unicode": "e6f4",
      "unicode_decimal": 59124
    },
    {
      "icon_id": "3447397",
      "name": "基本信息-修改",
      "font_class": "jibenxinxi-xiugai",
      "unicode": "e634",
      "unicode_decimal": 58932
    },
    {
      "icon_id": "5199425",
      "name": "预约",
      "font_class": "yuyue",
      "unicode": "e60d",
      "unicode_decimal": 58893
    },
    {
      "icon_id": "5205035",
      "name": "疫苗",
      "font_class": "yimiao",
      "unicode": "e60f",
      "unicode_decimal": 58895
    },
    {
      "icon_id": "7693983",
      "name": "疫苗记录",
      "font_class": "yimiaojilu",
      "unicode": "eb4c",
      "unicode_decimal": 60236
    },
    {
      "icon_id": "12666625",
      "name": "预约",
      "font_class": "yuyue1",
      "unicode": "e60c",
      "unicode_decimal": 58892
    },
    {
      "icon_id": "26413776",
      "name": "过敏，医疗，药物，治疗，疾病，健康",
      "font_class": "a-guominyiliaoyaowuzhiliaojibingjiankang",
      "unicode": "e69a",
      "unicode_decimal": 59034
    },
    {
      "icon_id": "11661839",
      "name": "个人信息设置",
      "font_class": "gerenxinxishezhi",
      "unicode": "e63f",
      "unicode_decimal": 58943
    }
  ]
}
